G:\Autonomous Udemy Course\IMG\center_2025_02_24_02_45_36_746.jpg, G:\Autonomous Udemy Course\IMG\left_2025_02_24_02_45_36_746.jpg, G:\Autonomous Udemy Course\IMG\right_2025_02_24_02_45_36_746.jpg, 0, 0, 0, 1.271517
G:\Autonomous Udemy Course\IMG\center_2025_02_24_02_45_36_859.jpg, G:\Autonomous Udemy Course\IMG\left_2025_02_24_02_45_36_859.jpg, G:\Autonomous Udemy Course\IMG\right_2025_02_24_02_45_36_859.jpg, 0, 0, 0, 1.2598
G:\Autonomous Udemy Course\IMG\center_2025_02_24_02_45_36_963.jpg, G:\Autonomous Udemy Course\IMG\left_2025_02_24_02_45_36_963.jpg, G:\Autonomous Udemy Course\IMG\right_2025_02_24_02_45_36_963.jpg, 0, 0, 0, 1.248983
G:\Autonomous Udemy Course\IMG\center_2025_02_24_02_45_37_065.jpg, G:\Autonomous Udemy Course\IMG\left_2025_02_24_02_45_37_065.jpg, G:\Autonomous Udemy Course\IMG\right_2025_02_24_02_45_37_065.jpg, 0, 0, 0, 1.23828
G:\Autonomous Udemy Course\IMG\center_2025_02_24_02_45_37_173.jpg, G:\Autonomous Udemy Course\IMG\left_2025_02_24_02_45_37_173.jpg, G:\Autonomous Udemy Course\IMG\right_2025_02_24_02_45_37_173.jpg, 0, 0, 0, 1.225584
G:\Autonomous Udemy Course\IMG\center_2025_02_24_02_45_37_278.jpg, G:\Autonomous Udemy Course\IMG\left_2025_02_24_02_45_37_278.jpg, G:\Autonomous Udemy Course\IMG\right_2025_02_24_02_45_37_278.jpg, 0, 0, 0, 1.215128
G:\Autonomous Udemy Course\IMG\center_2025_02_24_02_45_37_378.jpg, G:\Autonomous Udemy Course\IMG\left_2025_02_24_02_45_37_378.jpg, G:\Autonomous Udemy Course\IMG\right_2025_02_24_02_45_37_378.jpg, 0, 0, 0, 1.204782
G:\Autonomous Udemy Course\IMG\center_2025_02_24_02_45_37_479.jpg, G:\Autonomous Udemy Course\IMG\left_2025_02_24_02_45_37_479.jpg, G:\Autonomous Udemy Course\IMG\right_2025_02_24_02_45_37_479.jpg, 0, 0, 0, 1.194545
G:\Autonomous Udemy Course\IMG\center_2025_02_24_02_45_37_588.jpg, G:\Autonomous Udemy Course\IMG\left_2025_02_24_02_45_37_588.jpg, G:\Autonomous Udemy Course\IMG\right_2025_02_24_02_45_37_588.jpg, 0, 0, 0, 1.184416
G:\Autonomous Udemy Course\IMG\center_2025_02_24_02_45_37_688.jpg, G:\Autonomous Udemy Course\IMG\left_2025_02_24_02_45_37_688.jpg, G:\Autonomous Udemy Course\IMG\right_2025_02_24_02_45_37_688.jpg, 0, 0, 0, 1.174395
G:\Autonomous Udemy Course\IMG\center_2025_02_24_02_45_37_795.jpg, G:\Autonomous Udemy Course\IMG\left_2025_02_24_02_45_37_795.jpg, G:\Autonomous Udemy Course\IMG\right_2025_02_24_02_45_37_795.jpg, 0, 0, 0, 1.162508
